{
  "run": [
    {
      "filePath": "/ClinicaUltimo/webapp/test/index.html",
      "previewMode": 1,
      "dataMode": 1,
      "workspace": "withoutWorkspace",
      "ui5ActiveVersion": null,
      "ui5VerSource": null,
      "isDefaultVersion": 0,
      "urlParameters": [
        {
          "paramName": "",
          "paramValue": "",
          "paramActive": false
        },
        {
          "paramName": "",
          "paramValue": "",
          "paramActive": false
        }
      ],
      "hashParameter": "",
      "backendSystem": [],
      "destBackendSystem": [],
      "_metadata": {
        "id": 1385139,
        "runnerId": "webapprunner",
        "displayName": "New Web Application"
      }
    }
  ]
}